Workbook

Sheet Instruções
A1: SINTERA — Wedge Validation · Planilha de Captura de Evidências
A2: Instrumento de DESCOBERTA (não é backlog nem requisito). Uma linha por entrevista em 'Entrevistas'; 'Consolidação' resume por wedge.
A5: REGRAS DE OURO
A6: 1. Problem-first. | B6: Não apresentar a SINTERA até o Bloco 6. Nunca perguntar 'você usaria/gostaria/compraria'.
A7: 2. Evidência = comportamento | B7: o que já fazem, gastam, compraram — não opinião sobre o futuro.
A8: 3. Evidência DECLARATÓRIA × COMPORTAMENTAL | B8: 'seria interessante' (declaratória, peso baixo) vs 'quero envolver o decisor / avaliar piloto / receber proposta / temos orçamento / vamos fornecer dados' (comportamental, peso MUITO maior). Classifique pelo comportamento.
A9: 4. Registrar a EVIDÊNCIA CONCRETA | B9: na coluna 'Evidência / citação' — a citação/observação que SUSTENTA a classificação. Sem isso, a nota não vale.
A10: 5. Evidência NEGATIVA com o mesmo rigor | B10: registrar os 'não' tão cuidadosamente quanto os 'sim'. NÃO ajustar para inflar a taxa de validação.
A11: 6. Testar o substituto | B11: EHR/HIS · build interno · interop vendor · RNDS/OpenCare · IA · combinação. E a killer question competitiva (Bloco 6).
A13: CLASSIFICAÇÃO DE SINAL — com exemplo de evidência concreta
A14: FRACO (declaratório) | B14: 'Achei interessante.' → DESCARTAR (não é evidência).
A15: INTERMEDIÁRIO | B15: 'Temos esse problema e estamos procurando alternativas.' (+ número / orçamento potencial / indica outros decisores).
A16: FORTE (comportamental) | B16: 'Quero envolver o diretor e avaliar um piloto.' (comprador identificado · solução atual insuficiente · topa fornecer dados).
A17: MUITO FORTE (comportamento + dinheiro) | B17: 'Existe orçamento; envie proposta/piloto' / 'quanto custa?' — o sinal mais próximo de compra real.
A19: VEREDITO
A20: Avança | B20: sinal forte/muito forte + próximo passo concreto agendado.
A21: Retém | B21: problema/interesse sem prova econômica OU acesso OU disposição → novo teste.
A22: Rejeita | B22: predomínio de F1–F8 ou só sinais fracos.
A24: PERGUNTA OBRIGATÓRIA — 'Por que ainda não resolveram?' (coluna 'Por que não resolveram (A-F)')
A25: A | B25: não existe tecnologia adequada.
A26: B | B26: ninguém integra as partes necessárias.
A27: C | B27: o fornecedor atual deveria resolver, mas não resolve.
A28: D | B28: não vale o custo.
A29: E | B29: na realidade não é um problema suficientemente importante.
A30: F | B30: estamos construindo internamente.
A31: Interpretação | B31: NÃO tratar C como validação nem F como rejeição automaticamente — registrar e analisar no contexto.
A33: RAZÕES DE REJEIÇÃO — F1..F8 (colunas próprias: Conf/Refut/—)
A34: F1 já resolvemos · F2 paciente não valoriza · F3 sem acesso ao dado · F4 sem orçamento | B34: F5 ROI insuficiente · F6 LGPD/regulação impede · F7 EHR/HIS já faz / fácil construir · F8 não queremos outra camada.
A36: COMO PREENCHER
A37: Células amarelas = preencher | B37: A linha 2 é EXEMPLO — apague antes de usar. Consolidação atualiza por fórmula (linhas 3+).

Sheet Entrevistas
A1: ID | B1: Data | C1: Entrevistador | D1: Empresa | E1: Persona | F1: Wedge | G1: Papel do entrevistado | H1: Problema espontâneo? | I1: Frequência | J1: Impacto econômico (R$/%) | K1: Solução atual | L1: Insatisfação | M1: Orçamento existente | N1: Decisor identificado | O1: Substituto default | P1: Interesse (Bloco 6) | Q1: Próximo passo concreto? | R1: F1 | S1: F2 | T1: F3 | U1: F4 | V1: F5 | W1: F6 | X1: F7 | Y1: F8 | Z1: Sinal | AA1: Veredito | AB1: Evidência / citação (sustenta a nota) | AC1: Notas / próximos passos | AD1: Por que não resolveram (A-F) | AE1: Killer competitiva (resposta literal)
A2: EX | B2: 2026-08-20 | C2: Carina | D2: Operadora Alfa | E2: Diretor de Saúde Populacional | F2: Operadora | G2: Decisor | H2: Sim | I2: Mensal | J2: ~R$ 2–3 mi/ano em exames duplicados | K2: BI de claims + gestão de crônicos (terceiro) | L2: Alta | M2: Sim | N2: Sim | O2: EHR/HIS | P2: Médio | Q2: Sim | R2: Refut | S2: — | T2: Conf | U2: Refut | V2: — | W2: — | X2: Refut | Y2: — | Z2: Muito forte | AA2: Avança | AB2: 'Existe orçamento de gestão de saúde; me envie um piloto medido numa coorte.' | AC2: Reunião com CFO médico em 2 semanas | AD2: C | AE2: 'Se meu HIS fizesse, eu já usaria — mas o dado clínico de fora da rede ele não traz.'

Sheet Consolidação
A1: Consolidação por wedge (fórmulas — linhas 3+ da aba Entrevistas)
A2: Protocolo Ciclo 1: após ~6 entrevistas, pausar e consolidar. AVANÇAR se ≥1 MUITO FORTE ou ≥3 (fortes+muito fortes). Qualidade > quantidade.
A4: Métrica | B4: Operadora | C4: Hospital | D4: Pharma
A5: Entrevistas registradas | B5: =COUNTIFS(Entrevistas!$F$3:$F$200,"Operadora") | C5: =COUNTIFS(Entrevistas!$F$3:$F$200,"Hospital") | D5: =COUNTIFS(Entrevistas!$F$3:$F$200,"Pharma")
A6: Problema espontâneo (Sim) | B6: =COUNTIFS(Entrevistas!$F$3:$F$200,"Operadora",Entrevistas!$H$3:$H$200,"Sim") | C6: =COUNTIFS(Entrevistas!$F$3:$F$200,"Hospital",Entrevistas!$H$3:$H$200,"Sim") | D6: =COUNTIFS(Entrevistas!$F$3:$F$200,"Pharma",Entrevistas!$H$3:$H$200,"Sim")
A7: Sinais MUITO FORTES | B7: =COUNTIFS(Entrevistas!$F$3:$F$200,"Operadora",Entrevistas!$Z$3:$Z$200,"Muito forte") | C7: =COUNTIFS(Entrevistas!$F$3:$F$200,"Hospital",Entrevistas!$Z$3:$Z$200,"Muito forte") | D7: =COUNTIFS(Entrevistas!$F$3:$F$200,"Pharma",Entrevistas!$Z$3:$Z$200,"Muito forte")
A8: Sinais FORTES | B8: =COUNTIFS(Entrevistas!$F$3:$F$200,"Operadora",Entrevistas!$Z$3:$Z$200,"Forte") | C8: =COUNTIFS(Entrevistas!$F$3:$F$200,"Hospital",Entrevistas!$Z$3:$Z$200,"Forte") | D8: =COUNTIFS(Entrevistas!$F$3:$F$200,"Pharma",Entrevistas!$Z$3:$Z$200,"Forte")
A9: Sinais Intermediários | B9: =COUNTIFS(Entrevistas!$F$3:$F$200,"Operadora",Entrevistas!$Z$3:$Z$200,"Intermediário") | C9: =COUNTIFS(Entrevistas!$F$3:$F$200,"Hospital",Entrevistas!$Z$3:$Z$200,"Intermediário") | D9: =COUNTIFS(Entrevistas!$F$3:$F$200,"Pharma",Entrevistas!$Z$3:$Z$200,"Intermediário")
A10: Com orçamento (Sim) | B10: =COUNTIFS(Entrevistas!$F$3:$F$200,"Operadora",Entrevistas!$M$3:$M$200,"Sim") | C10: =COUNTIFS(Entrevistas!$F$3:$F$200,"Hospital",Entrevistas!$M$3:$M$200,"Sim") | D10: =COUNTIFS(Entrevistas!$F$3:$F$200,"Pharma",Entrevistas!$M$3:$M$200,"Sim")
A11: Com decisor identificado | B11: =COUNTIFS(Entrevistas!$F$3:$F$200,"Operadora",Entrevistas!$N$3:$N$200,"Sim") | C11: =COUNTIFS(Entrevistas!$F$3:$F$200,"Hospital",Entrevistas!$N$3:$N$200,"Sim") | D11: =COUNTIFS(Entrevistas!$F$3:$F$200,"Pharma",Entrevistas!$N$3:$N$200,"Sim")
A12: Com próximo passo concreto | B12: =COUNTIFS(Entrevistas!$F$3:$F$200,"Operadora",Entrevistas!$Q$3:$Q$200,"Sim") | C12: =COUNTIFS(Entrevistas!$F$3:$F$200,"Hospital",Entrevistas!$Q$3:$Q$200,"Sim") | D12: =COUNTIFS(Entrevistas!$F$3:$F$200,"Pharma",Entrevistas!$Q$3:$Q$200,"Sim")
A13: Veredito Avança | B13: =COUNTIFS(Entrevistas!$F$3:$F$200,"Operadora",Entrevistas!$AA$3:$AA$200,"Avança") | C13: =COUNTIFS(Entrevistas!$F$3:$F$200,"Hospital",Entrevistas!$AA$3:$AA$200,"Avança") | D13: =COUNTIFS(Entrevistas!$F$3:$F$200,"Pharma",Entrevistas!$AA$3:$AA$200,"Avança")
A14: Veredito Retém | B14: =COUNTIFS(Entrevistas!$F$3:$F$200,"Operadora",Entrevistas!$AA$3:$AA$200,"Retém") | C14: =COUNTIFS(Entrevistas!$F$3:$F$200,"Hospital",Entrevistas!$AA$3:$AA$200,"Retém") | D14: =COUNTIFS(Entrevistas!$F$3:$F$200,"Pharma",Entrevistas!$AA$3:$AA$200,"Retém")
A15: Veredito Rejeita | B15: =COUNTIFS(Entrevistas!$F$3:$F$200,"Operadora",Entrevistas!$AA$3:$AA$200,"Rejeita") | C15: =COUNTIFS(Entrevistas!$F$3:$F$200,"Hospital",Entrevistas!$AA$3:$AA$200,"Rejeita") | D15: =COUNTIFS(Entrevistas!$F$3:$F$200,"Pharma",Entrevistas!$AA$3:$AA$200,"Rejeita")
A17: Razões de rejeição confirmadas (F1–F8)
A18: Fx | B18: Operadora | C18: Hospital | D18: Pharma
A19: F1 | B19: =COUNTIFS(Entrevistas!$F$3:$F$200,"Operadora",Entrevistas!$R$3:$R$200,"Conf") | C19: =COUNTIFS(Entrevistas!$F$3:$F$200,"Hospital",Entrevistas!$R$3:$R$200,"Conf") | D19: =COUNTIFS(Entrevistas!$F$3:$F$200,"Pharma",Entrevistas!$R$3:$R$200,"Conf")
A20: F2 | B20: =COUNTIFS(Entrevistas!$F$3:$F$200,"Operadora",Entrevistas!$S$3:$S$200,"Conf") | C20: =COUNTIFS(Entrevistas!$F$3:$F$200,"Hospital",Entrevistas!$S$3:$S$200,"Conf") | D20: =COUNTIFS(Entrevistas!$F$3:$F$200,"Pharma",Entrevistas!$S$3:$S$200,"Conf")
A21: F3 | B21: =COUNTIFS(Entrevistas!$F$3:$F$200,"Operadora",Entrevistas!$T$3:$T$200,"Conf") | C21: =COUNTIFS(Entrevistas!$F$3:$F$200,"Hospital",Entrevistas!$T$3:$T$200,"Conf") | D21: =COUNTIFS(Entrevistas!$F$3:$F$200,"Pharma",Entrevistas!$T$3:$T$200,"Conf")
A22: F4 | B22: =COUNTIFS(Entrevistas!$F$3:$F$200,"Operadora",Entrevistas!$U$3:$U$200,"Conf") | C22: =COUNTIFS(Entrevistas!$F$3:$F$200,"Hospital",Entrevistas!$U$3:$U$200,"Conf") | D22: =COUNTIFS(Entrevistas!$F$3:$F$200,"Pharma",Entrevistas!$U$3:$U$200,"Conf")
A23: F5 | B23: =COUNTIFS(Entrevistas!$F$3:$F$200,"Operadora",Entrevistas!$V$3:$V$200,"Conf") | C23: =COUNTIFS(Entrevistas!$F$3:$F$200,"Hospital",Entrevistas!$V$3:$V$200,"Conf") | D23: =COUNTIFS(Entrevistas!$F$3:$F$200,"Pharma",Entrevistas!$V$3:$V$200,"Conf")
A24: F6 | B24: =COUNTIFS(Entrevistas!$F$3:$F$200,"Operadora",Entrevistas!$W$3:$W$200,"Conf") | C24: =COUNTIFS(Entrevistas!$F$3:$F$200,"Hospital",Entrevistas!$W$3:$W$200,"Conf") | D24: =COUNTIFS(Entrevistas!$F$3:$F$200,"Pharma",Entrevistas!$W$3:$W$200,"Conf")
A25: F7 | B25: =COUNTIFS(Entrevistas!$F$3:$F$200,"Operadora",Entrevistas!$X$3:$X$200,"Conf") | C25: =COUNTIFS(Entrevistas!$F$3:$F$200,"Hospital",Entrevistas!$X$3:$X$200,"Conf") | D25: =COUNTIFS(Entrevistas!$F$3:$F$200,"Pharma",Entrevistas!$X$3:$X$200,"Conf")
A26: F8 | B26: =COUNTIFS(Entrevistas!$F$3:$F$200,"Operadora",Entrevistas!$Y$3:$Y$200,"Conf") | C26: =COUNTIFS(Entrevistas!$F$3:$F$200,"Hospital",Entrevistas!$Y$3:$Y$200,"Conf") | D26: =COUNTIFS(Entrevistas!$F$3:$F$200,"Pharma",Entrevistas!$Y$3:$Y$200,"Conf")
A28: Diagnóstico 'não-resolvido' (A–F)
A29: Cód. | B29: Operadora | C29: Hospital | D29: Pharma
A30: A | B30: =COUNTIFS(Entrevistas!$F$3:$F$200,"Operadora",Entrevistas!$AD$3:$AD$200,"A") | C30: =COUNTIFS(Entrevistas!$F$3:$F$200,"Hospital",Entrevistas!$AD$3:$AD$200,"A") | D30: =COUNTIFS(Entrevistas!$F$3:$F$200,"Pharma",Entrevistas!$AD$3:$AD$200,"A")
A31: B | B31: =COUNTIFS(Entrevistas!$F$3:$F$200,"Operadora",Entrevistas!$AD$3:$AD$200,"B") | C31: =COUNTIFS(Entrevistas!$F$3:$F$200,"Hospital",Entrevistas!$AD$3:$AD$200,"B") | D31: =COUNTIFS(Entrevistas!$F$3:$F$200,"Pharma",Entrevistas!$AD$3:$AD$200,"B")
A32: C | B32: =COUNTIFS(Entrevistas!$F$3:$F$200,"Operadora",Entrevistas!$AD$3:$AD$200,"C") | C32: =COUNTIFS(Entrevistas!$F$3:$F$200,"Hospital",Entrevistas!$AD$3:$AD$200,"C") | D32: =COUNTIFS(Entrevistas!$F$3:$F$200,"Pharma",Entrevistas!$AD$3:$AD$200,"C")
A33: D | B33: =COUNTIFS(Entrevistas!$F$3:$F$200,"Operadora",Entrevistas!$AD$3:$AD$200,"D") | C33: =COUNTIFS(Entrevistas!$F$3:$F$200,"Hospital",Entrevistas!$AD$3:$AD$200,"D") | D33: =COUNTIFS(Entrevistas!$F$3:$F$200,"Pharma",Entrevistas!$AD$3:$AD$200,"D")
A34: E | B34: =COUNTIFS(Entrevistas!$F$3:$F$200,"Operadora",Entrevistas!$AD$3:$AD$200,"E") | C34: =COUNTIFS(Entrevistas!$F$3:$F$200,"Hospital",Entrevistas!$AD$3:$AD$200,"E") | D34: =COUNTIFS(Entrevistas!$F$3:$F$200,"Pharma",Entrevistas!$AD$3:$AD$200,"E")
A35: F | B35: =COUNTIFS(Entrevistas!$F$3:$F$200,"Operadora",Entrevistas!$AD$3:$AD$200,"F") | C35: =COUNTIFS(Entrevistas!$F$3:$F$200,"Hospital",Entrevistas!$AD$3:$AD$200,"F") | D35: =COUNTIFS(Entrevistas!$F$3:$F$200,"Pharma",Entrevistas!$AD$3:$AD$200,"F")
A37: Sugestão (fórmula — não decisão)
A38: Cenário | B38: Operadora | C38: Hospital | D38: Pharma
A39: Sugestão A/B/C | B39: =IF(OR(B7>=1,(B8+B7)>=3),"AVANÇAR (A)",IF((B8+B7)>=1,"ITERAR (B)","ABANDONAR/insuf. (C)")) | C39: =IF(OR(C7>=1,(C8+C7)>=3),"AVANÇAR (A)",IF((C8+C7)>=1,"ITERAR (B)","ABANDONAR/insuf. (C)")) | D39: =IF(OR(D7>=1,(D8+D7)>=3),"AVANÇAR (A)",IF((D8+D7)>=1,"ITERAR (B)","ABANDONAR/insuf. (C)"))
